file,length,run1_s,run2_s,run3_s,run4_s,run5_s,mean_s,stddev_s
3/WarAndPeace/voyna_i_mir.txt,3048016,0.033000,0.023000,0.025000,0.025000,0.025000,0.026200,0.003899
3/WarAndPeace/voyna-i-mir-tom-1.txt,736089,0.006000,0.005000,0.006000,0.006000,0.006000,0.005800,0.000447
3/WarAndPeace/voyna-i-mir-tom-2.txt,769418,0.007000,0.006000,0.005000,0.006000,0.005000,0.005800,0.000837
3/WarAndPeace/voyna-i-mir-tom-3.txt,843205,0.006000,0.008000,0.006000,0.007000,0.006000,0.006600,0.000894
3/WarAndPeace/voyna-i-mir-tom-4.txt,697940,0.005000,0.006000,0.005000,0.005000,0.006000,0.005400,0.000548