pattern,len,run1_s,run2_s,run3_s,run4_s,run5_s,mean_s,stddev_s
князь , 5, 0.007000,0.005000,0.004000,0.005000,0.005000, 0.005200, 0.001095
князь Андрей , 12, 0.005000,0.004000,0.006000,0.004000,0.005000, 0.004800, 0.000837
князь Андрей Балконский , 23, 0.006000,0.004000,0.005000,0.004000,0.005000, 0.004800, 0.000837